PrimaryID,CompanyID,Mode,Category,Expiration Date,First name,Last name,Title,Gender,DateOfBirth,Mobile phone,Home phone,Work phone,Email,Website,Address,State,City,Zip,Country,Office Location
CAF2281979,1001,FMCSA,CLASS A,,SHIHAO,LIU,Mr,Male,8/8/1996,(626)335-8745,,,,,58 AN LAC,CALIFORNIA,EL MONTE,,US,
CAY6238116,1001,FMCSA,CLASS A,,MONG,TIAN,Mr,Male,8/9/1976,(626)323-8563,,,,,552 TBT,SOUTH CAROLINA,AIKEN,,US,
CAE1800340,1015,FMCSA,CLASS A,,BING,LEE,Mr,Male,2/25/1986,(626)323-9668,,,,,,,,,US,
CAF2281979,1015,FMCSA,CLASS A,,SHIHAO,LIU,Mr,Male,8/8/1996,(626)335-8745,,,,,58 AN LAC,CALIFORNIA,EL MONTE,,US,
CAY3000798,1015,FMCSA,CLASS A,,SANG,LO,Mr,Male,6/6/1986,(626)323-1458,,,,,258 LHP,CALIFORNIA,ALAMO,,US,
CAY6587955,1015,FMCSA,CLASS A,,FENG,CHENG,Mr,Male,12/25/1986,(626)232-2566,,,,,,,,,US,
CAY3000798,1013,FMCSA,CLASS A,,SANG,LO,Mr,Male,6/6/1986,(626)323-1458,,,,,258 LHP,CALIFORNIA,ALAMO,,US,
CAE1800340,1012,FMCSA,CLASS A,,BING,LEE,Mr,Male,2/25/1986,(626)323-9668,,,,,,,,,US,
CAF2281979,1012,FMCSA,CLASS A,,SHIHAO,LIU,Mr,Male,8/8/1996,(626)335-8745,,,,,58 AN LAC,CALIFORNIA,EL MONTE,,US,
CAY3000798,1012,FMCSA,CLASS A,,SANG,LO,Mr,Male,6/6/1986,(626)323-1458,,,,,258 LHP,CALIFORNIA,ALAMO,,US,
CAY6587955,1012,FMCSA,CLASS A,,FENG,CHENG,Mr,Male,12/25/1986,(626)232-2566,,,,,,,,,US,
CA Y5322461,1011,FMCSA,CLASS A,,JUN,XIA,Mr,Male,3/25/1979,(626)232-5566,,,,,,,,,US,
CA Y8842203,1010,FMCSA,CLASS A,,JIUCHUN,CHEN,Mr,Male,6/8/1996,(626)232-12345,,,,,,,,,US,
CAY6587955,1009,FMCSA,CLASS A,,FENG,CHENG,Mr,Male,12/25/1986,(626)232-2566,,,,,,,,,US,
CAE3131660,1004,FMCSA,CLASS A,,HARRY FU,CHOW,Mr,Male,2/23/1992,(626)232-1668,,,,,22 HOA KY,CALIFORNIA,BORON,,US,
CAF6918049,1004,FMCSA,CLASS A,,POLO,CHE,Mr,Male,5/5/2001,(626)323-9665,,,,,,,,,US,
CAY5322461,1004,FMCSA,CLASS A,,JUN,XIA,Mr,Male,3/25/1979,(626)232-5566,,,,,,,,,US,
CA Y4636019,1003,FMCSA,CLASS A,,DEGUANG,PANG,Mr,Male,12/25/1982,(626)232-6699,,,,,,,,,US,
CA Y8938504,1003,FMCSA,CLASS A,,TIGUI,SHAN,Mr,Male,12/3/1987,(626)232-5566,,,,,,,,,US,
CA E3131660,1002,FMCSA,CLASS A,,HARRY FU,CHOW,Mr,Male,2/23/1992,(626)232-1668,,,,,22 HOA KY,CALIFORNIA,BORON,,US,
F7238735,1002,FMCSA,CLASS A,,PANG,RUI,Mr,Male,8/9/1982,(626)323-4466,,,,,123 AU CO,CALIFORNIA,ARMONA,,US,
